User_ID,Total_Spend,Avg_Order_Value,Is_Churn
U_1000,838.1585968880343,93.12873298755936,1
U_1001,635.8308058944979,317.91540294724894,0
U_1002,711.2658065203951,711.2658065203951,0
U_1003,1071.7241600918996,153.10345144169995,0
U_1004,621.8343513551629,310.91717567758144,0
U_1005,579.187470904477,289.5937354522385,0
U_1006,1072.1262834463519,357.3754278154506,0
U_1007,778.4510165271996,194.6127541317999,0
U_1008,414.96509923577355,59.280728462253364,1
U_1009,810.0156040100616,810.0156040100616,0
U_1010,517.0897468050307,86.18162446750512,1
U_1011,466.0197387992095,66.57424839988707,0
U_1012,596.7784217731512,198.9261405910504,0
U_1013,112.7896013279796,37.5965337759932,1
U_1014,151.4771971594371,75.73859857971856,1
U_1015,359.42149703319274,71.88429940663855,0
U_1016,207.4961806254433,29.64231151792047,1
U_1017,701.4477363285289,233.81591210950964,0
U_1018,284.42130088954195,40.631614412791706,1
U_1019,132.95883148232616,16.61985393529077,1
U_1020,957.1389492265486,319.0463164088495,0
U_1021,622.9442769083167,622.9442769083167,1
U_1022,686.2917533383461,228.7639177794487,1
U_1023,95.34246251114632,15.890410418524388,1
U_1024,512.0049361726112,512.0049361726112,1
U_1025,669.8679881055872,74.42977645617636,0
U_1026,219.79015313903088,73.26338437967696,1
U_1027,786.959516386728,262.319838795576,1
U_1028,439.4128305807502,62.77326151153574,1
U_1029,582.2258439288942,83.17512056127059,0
U_1030,413.34160122863136,68.89026687143856,0
U_1031,1155.813663385047,165.1162376264353,0
U_1032,554.152838460811,110.8305676921622,0
U_1033,260.22525970217157,32.528157462771446,0
U_1034,860.3138874566009,430.15694372830046,0
U_1035,323.15874975041675,64.63174995008335,1
U_1036,682.6826304950536,75.85362561056151,0
U_1037,50.0,12.5,0
U_1038,102.94342242576819,12.867927803221024,1
U_1039,729.255941862473,243.08531395415767,0
U_1040,794.4050586718538,132.40084311197563,1
U_1041,614.4036722849577,76.80045903561971,0
U_1042,625.4517398720042,69.49463776355601,0
U_1043,598.7417511411804,85.53453587731148,0
U_1044,206.05242056016306,34.34207009336051,0
U_1045,318.81620006387385,53.13603334397897,0
U_1046,440.08402743027216,73.34733790504536,0
U_1047,969.016378352623,107.66848648362478,0
U_1048,784.470649804653,261.490216601551,0
U_1049,170.80796618111182,42.701991545277956,1
U_1050,699.5373722460756,233.1791240820252,0
U_1051,548.980279543495,60.997808838166115,0
U_1052,306.2497284636892,61.249945692737846,1
U_1053,740.6678366032539,92.58347957540674,1
U_1054,883.6025374182831,110.45031717728538,1
U_1055,974.4888047912384,108.27653386569315,0
U_1056,248.91347267618056,35.55906752516865,1
U_1057,468.8404347971542,156.28014493238473,1
U_1058,785.4614813436499,157.09229626872997,0
U_1059,853.99918514551,284.6663950485033,0
U_1060,401.2610818093284,200.6305409046642,1
U_1061,590.3200092880516,196.7733364293505,1
U_1062,317.1672863981646,35.240809599796066,1
U_1063,235.57358930530046,26.174843256144495,0
U_1064,933.141240691344,116.642655086418,0
U_1065,947.4134244796152,135.34477492565932,1
U_1066,661.0801303218193,661.0801303218193,0
U_1067,952.1614846726663,105.79572051918515,0
U_1068,682.1324756850997,341.06623784254987,0
U_1069,467.8457975631375,77.97429959385626,1
U_1070,635.0591169352749,127.01182338705499,1
U_1071,987.6074685784363,164.6012447630727,0
U_1072,675.2396289164958,84.40495361456198,1
U_1073,988.3491983132841,123.54364978916051,0
U_1074,50.0,25.0,1
U_1075,824.3768496295476,117.76812137564966,0
U_1076,546.8843153578769,273.44215767893843,0
U_1077,582.90509350909,582.90509350909,1
U_1078,712.0669356492373,89.00836695615466,0
U_1079,50.0,5.555555555555555,0
U_1080,519.1927402507538,74.1703914643934,0
U_1081,714.9416268423422,178.73540671058555,0
U_1082,988.607138391452,141.22959119877888,0
U_1083,404.11210680197297,101.02802670049324,1
U_1084,277.6473532288447,39.663907604120666,0
U_1085,438.76290514691175,109.69072628672794,0
U_1086,896.9589598173541,99.66210664637268,0
U_1087,784.6700797762257,156.93401595524514,1
U_1088,488.88657299524004,69.84093899932,1
U_1089,798.5929766446442,99.82412208058052,0
U_1090,590.7230572232326,118.14461144464651,1
U_1091,968.2521566618757,968.2521566618757,0
U_1092,478.77521117279383,119.69380279319846,1
U_1093,588.1539433290769,196.05131444302563,1
U_1094,390.12815936522975,55.732594195032824,0
U_1095,181.81564282116872,30.302607136861454,1
U_1096,717.4811042644318,119.58018404407197,0
U_1097,637.3296136972674,318.6648068486337,1
U_1098,700.0164736243242,116.66941227072071,1
U_1099,487.8613517511677,60.982668968895965,0
U_1100,118.71110902108686,23.742221804217372,1
U_1101,470.63553325903064,52.29283702878118,0
U_1102,461.8151209960379,230.90756049801894,1
U_1103,444.12271120750324,63.446101601071895,1
U_1104,539.6296327631518,89.93827212719196,0
U_1105,703.2451679788783,117.20752799647971,0
U_1106,1191.028196384859,297.75704909621476,0
U_1107,568.5962780997763,63.17736423330848,0
U_1108,728.6117065801337,121.43528443002229,1
U_1109,631.3459896311241,78.91824870389051,0
U_1110,50.0,6.25,0
U_1111,683.1854255653207,170.79635639133016,1
U_1112,633.9368851414575,126.7873770282915,0
U_1113,1378.0199245945842,689.0099622972921,0
U_1114,627.1607016662836,156.7901754165709,1
U_1115,723.7332713850423,120.62221189750704,0
U_1116,575.9516706335364,287.9758353167682,0
U_1117,154.35082384077003,77.17541192038502,0
U_1118,988.506707480868,141.21524392583828,0
U_1119,918.5531121262412,183.71062242524823,0
U_1120,831.3566088201128,277.11886960670427,0
U_1121,295.13749111923113,98.37916370641038,0
U_1122,1024.6901785635855,146.38431122336937,0
U_1123,225.1321222992476,75.04404076641588,1
U_1124,676.1952230364909,135.23904460729818,0
U_1125,1334.5790322893645,667.2895161446822,0
U_1126,380.11167439645783,126.70389146548594,1
U_1127,438.3702678409102,109.59256696022754,1
U_1128,554.371162761414,554.371162761414,0
U_1129,483.3184626878645,120.82961567196612,1
U_1130,62.37010327282289,15.592525818205722,1
U_1131,622.0783227283443,207.35944090944813,0
U_1132,200.0348802783919,22.22609780871021,1
U_1133,759.8907968500547,253.29693228335157,1
U_1134,287.7865947534565,143.89329737672824,1
U_1135,1131.1786044527623,161.59694349325176,1
U_1136,425.0132375408119,47.223693060090206,1
U_1137,603.0763202331855,100.51272003886424,0
U_1138,795.5558001517738,159.11116003035477,0
U_1139,143.1009236257295,143.1009236257295,0
U_1140,656.8386334110078,218.9462111370026,0
U_1141,908.8234932780426,100.98038814200474,0
U_1142,53.45497264478434,6.681871580598043,1
U_1143,674.8501858320018,74.98335398133354,1
U_1144,696.3910085433868,87.04887606792335,0
U_1145,743.2123570791312,743.2123570791312,0
U_1146,217.49573702023116,27.186967127528895,1
U_1147,209.90675464816545,26.23834433102068,1
U_1148,710.1873172490666,142.03746344981332,1
U_1149,763.5040383450546,127.2506730575091,0
U_1150,607.3675846330473,303.68379231652364,0
U_1151,654.7148238503356,654.7148238503356,0
U_1152,327.3914665330034,40.92393331662542,0
U_1153,592.9854359224126,84.71220513177323,0
U_1154,763.7175787910296,190.9293946977574,0
U_1155,341.26640760608603,48.75234394372658,1
U_1156,1204.2371572369982,602.1185786184991,0
U_1157,727.7463482185863,363.87317410929313,0
U_1158,269.78364698598875,38.54052099799839,0
U_1159,882.6013218245909,294.20044060819697,0
U_1160,376.5170723404534,62.75284539007557,1
U_1161,749.9226596067831,107.13180851525473,0
U_1162,1016.6191807580649,145.2313115368664,0
U_1163,344.1600075506263,86.04000188765657,0
U_1164,859.0419841492737,286.3473280497579,0
U_1165,758.3118631732752,758.3118631732752,1
U_1166,936.6596226181966,133.80851751688525,0
U_1167,1087.8649943138116,120.87388825709019,0
U_1168,579.9989712491866,579.9989712491866,0
U_1169,314.5807568443442,62.91615136886884,0
U_1170,309.17289567774276,77.29322391943569,0
U_1171,430.0215177630185,215.01075888150925,1
U_1172,586.0293239782367,83.71847485403381,1
U_1173,615.8369220350784,87.97670314786834,1
U_1174,684.6169498263533,85.57711872829417,1
U_1175,906.0833550390921,302.0277850130307,0
U_1176,609.6766851164907,101.61278085274846,0
U_1177,969.4380709430055,242.35951773575138,0
U_1178,509.61116504011954,169.8703883467065,1
U_1179,1500.9198235848153,375.2299558962038,0
U_1180,819.3410023483244,819.3410023483244,0
U_1181,388.83003437683305,55.54714776811901,1
U_1182,335.9195520715564,47.98850743879377,1
U_1183,662.8804094116226,94.69720134451752,0
U_1184,549.2684762562375,274.63423812811874,0
U_1185,789.3831868646892,789.3831868646892,0
U_1186,669.8031201064829,74.42256890072032,0
U_1187,518.6932378637429,259.34661893187143,0
U_1188,402.1939793244254,80.43879586488508,1
U_1189,77.84365365219517,15.568730730439034,0
U_1190,428.52923582423756,53.566154478029695,0
U_1191,813.894305949658,813.894305949658,1
U_1192,573.9541960219748,81.99345657456783,1
U_1193,218.71005623427533,72.90335207809177,0
U_1194,705.1402461891963,352.57012309459816,0
U_1195,620.0257404684311,124.00514809368622,0
U_1196,257.3530592356393,64.33826480890983,1
U_1197,690.1548677031719,76.68387418924132,1
U_1198,636.1788136683826,636.1788136683826,0
U_1199,300.1584334605495,100.05281115351649,0
U_1200,653.3569990799127,217.78566635997092,0
U_1201,828.9891145699514,207.24727864248786,0
U_1202,920.8895849746384,131.55565499637692,0
U_1203,938.2010104462422,187.64020208924845,0
U_1204,105.12987305303992,17.521645508839985,0
U_1205,259.65880469742746,86.55293489914249,1
U_1206,809.1821564846596,161.83643129693192,0
U_1207,698.9174735114183,349.45873675570914,0
U_1208,673.0202713961061,168.25506784902652,0
U_1209,1775.2601036468363,591.7533678822788,0
U_1210,780.8544564402966,260.2848188134322,0
U_1211,962.2484778508383,240.56211946270957,1
U_1212,909.8616283205789,113.73270354007236,0
U_1213,795.45684456464,99.43210557058,1
U_1214,504.1740107216275,504.1740107216275,0
U_1215,912.5238792058726,182.50477584117453,0
U_1216,374.9287806146765,187.46439030733825,0
U_1217,552.4144584607691,92.06907641012818,0
U_1218,407.7848140390179,135.9282713463393,0
U_1219,698.780881976335,77.64232021959278,0
U_1220,1199.2711885338852,133.2523542815428,0
U_1221,51.265794682030446,6.408224335253806,1
U_1222,782.6481161519758,391.3240580759879,1
U_1223,136.9660777551999,68.48303887759995,1
U_1224,430.454850217446,215.227425108723,1
U_1225,970.2227614337393,194.04455228674786,0
U_1226,523.350294323325,58.150032702591666,0
U_1227,257.85445437503677,36.83635062500525,1
U_1228,451.6616071704923,64.52308673864175,1
U_1229,753.91946823629,251.30648941209665,0
U_1230,291.44018616092336,97.14672872030779,0
U_1231,664.2423917876262,221.41413059587538,1
U_1232,708.9782440765022,708.9782440765022,0
U_1233,317.3516080252822,39.668951003160274,0
U_1234,1157.1945253475565,578.5972626737782,0
U_1235,809.199019684739,115.59985995496272,0
U_1236,50.0,5.555555555555555,1
U_1237,637.9825411582733,318.99127057913665,0
U_1238,467.56549116936174,467.56549116936174,1
U_1239,795.4997372753704,159.09994745507407,1
U_1240,406.1037658664764,81.22075317329528,1
U_1241,566.4761702134416,566.4761702134416,1
U_1242,832.4877221769915,92.4986357974435,0
U_1243,954.3189583097493,318.1063194365831,1
U_1244,236.9032350139463,118.45161750697315,1
U_1245,516.5790410708089,73.79700586725842,0
U_1246,506.68491479922386,101.33698295984478,0
U_1247,367.7360586022874,91.93401465057185,0
U_1248,1074.9843421889784,268.7460855472446,0
U_1249,814.4315477768877,90.49239419743196,1
U_1250,208.25789194340206,23.139765771489117,0
U_1251,775.6767494195876,775.6767494195876,1
U_1252,1304.1905188088067,186.31293125840097,0
U_1253,929.6724104235611,116.20905130294514,0
U_1254,77.90072275785681,15.580144551571362,1
U_1255,360.7577167755404,51.536816682220056,1
U_1256,938.369830964333,117.29622887054163,0
U_1257,473.2765794090987,59.15957242613734,0
U_1258,819.844062450991,91.09378471677678,0
U_1259,794.5909132892247,158.91818265784494,1
U_1260,389.10705709071846,194.55352854535923,0
U_1261,570.5114578328792,95.08524297214653,1
U_1262,50.0,50.0,1
U_1263,259.57248277393103,43.26208046232184,0
U_1264,527.4240738362489,175.80802461208296,1
U_1265,184.42093472061043,61.47364490687014,1
U_1266,1001.9462636507832,143.13518052154046,0
U_1267,98.83322385011797,24.708305962529494,1
U_1268,426.1215528855523,85.22431057711046,0
U_1269,734.4729299810533,122.41215499684222,0
U_1270,1125.516416769833,187.58606946163886,0
U_1271,234.7740231430744,117.3870115715372,1
U_1272,895.4503358657051,298.48344528856836,0
U_1273,591.3903464142406,591.3903464142406,0
U_1274,293.5039723837556,97.83465746125187,0
U_1275,716.025691242618,89.50321140532725,1
U_1276,568.6939696899901,142.17349242249753,0
U_1277,426.84041169722514,213.42020584861257,1
U_1278,535.503023921978,133.8757559804945,0
U_1279,544.7896570850608,77.82709386929439,1
U_1280,672.3166321443307,74.70184801603675,0
U_1281,769.1866036850208,153.83732073700418,0
U_1282,1105.2323212860983,221.04646425721967,0
U_1283,175.2627516637649,35.05255033275298,1
U_1284,1192.9600253882065,132.55111393202296,0
U_1285,50.0,7.142857142857143,1
U_1286,613.866791476391,204.62226382546365,0
U_1287,718.6334313145899,359.31671565729494,0
U_1288,696.8538058177174,77.42820064641305,0
U_1289,353.2835669381189,117.76118897937296,0
U_1290,494.5708099053004,61.82135123816255,1
U_1291,399.19597819964844,99.79899454991211,0
U_1292,452.1915071313937,90.43830142627874,0
U_1293,860.2264179974635,107.52830224968294,0
U_1294,751.3644749706248,150.27289499412495,0
U_1295,336.1158088884009,168.05790444420046,1
U_1296,771.7096697751826,128.61827829586377,0
U_1297,728.2917696890498,104.04168138414998,0
U_1298,766.8294273507032,766.8294273507032,0
U_1299,738.1496974618749,82.01663305131943,1
U_1300,312.43872721562286,52.07312120260381,1
U_1301,481.30610639908275,120.32652659977069,0
U_1302,849.366443668464,424.683221834232,0
U_1303,719.9641669352053,79.99601854835615,0
U_1304,613.3070839347039,102.21784732245065,1
U_1305,676.827814014757,75.2030904460841,1
U_1306,961.0789092945616,480.5394546472808,1
U_1307,371.7191661548214,74.34383323096428,1
U_1308,799.9257689339692,133.32096148899487,0
U_1309,561.5204442981312,112.30408885962625,0
U_1310,450.27807072599796,75.04634512099966,1
U_1311,962.9689836429078,320.9896612143026,1
U_1312,845.3284912634687,93.92538791816318,0
U_1313,894.7266821957371,447.36334109786856,1
U_1314,929.787150522264,464.893575261132,0
U_1315,557.9444360701029,111.58888721402059,0
U_1316,813.2484392079933,271.0828130693311,0
U_1317,503.266678600403,251.6333393002015,0
U_1318,674.5229799578319,112.42049665963866,0
U_1319,610.1637465756523,101.69395776260872,0
U_1320,642.0491022234719,91.72130031763884,0
U_1321,820.6014784098979,205.15036960247448,0
U_1322,285.1847874937814,35.64809843672268,0
U_1323,1273.5138417347455,424.5046139115818,0
U_1324,290.5004071701478,290.5004071701478,1
U_1325,142.49700330059778,28.499400660119555,0
U_1326,894.3315728493202,149.05526214155336,0
U_1327,742.6500865369964,247.55002884566545,0
U_1328,778.6108495138552,389.3054247569276,0
U_1329,753.6796048903011,251.2265349634337,0
U_1330,693.8158801285758,231.2719600428586,1
U_1331,404.5245119456232,57.78921599223189,0
U_1332,687.8755395267477,687.8755395267477,0
U_1333,397.0747963526155,99.26869908815388,1
U_1334,953.9534198954788,317.9844732984929,0
U_1335,509.25671504190944,72.75095929170135,1
U_1336,364.48073453155155,364.48073453155155,0
U_1337,482.167859767984,60.270982470998,0
U_1338,658.1478185872332,94.02111694103333,0
U_1339,345.4053204324884,43.17566505406105,1
U_1340,364.9775579243935,45.62219474054919,0
U_1341,592.6339904236148,65.84822115817943,0
U_1342,717.0905906698133,717.0905906698133,1
U_1343,532.2107431338923,59.134527014876916,0
U_1344,391.10973025681534,391.10973025681534,1
U_1345,663.8026969093365,221.2675656364455,0
U_1346,213.32961616276776,30.475659451823965,0
U_1347,135.1287998936388,16.89109998670485,0
U_1348,468.6196375508566,93.72392751017132,0
U_1349,613.658966260428,613.658966260428,1
U_1350,614.0231408253369,204.6743802751123,1
U_1351,948.0868193912336,135.44097419874765,0
U_1352,952.5895835564862,476.2947917782431,1
U_1353,643.3134459651981,321.65672298259904,1
U_1354,578.752258522386,64.30580650248733,0
U_1355,209.35385542985182,34.892309238308634,0
U_1356,618.2211697514886,154.55529243787214,1
U_1357,472.0844298016898,52.45382553352109,1
U_1358,784.1601654815377,112.02288078307681,0
U_1359,410.7631019451638,58.680443135023395,0
U_1360,785.7227110990405,98.21533888738006,1
U_1361,1016.7224434034789,338.90748113449297,0
U_1362,607.6256713512862,303.8128356756431,1
U_1363,678.3471699815233,678.3471699815233,0
U_1364,714.569394343709,357.2846971718545,0
U_1365,481.32077595830395,160.440258652768,0
U_1366,664.9646535008633,132.99293070017265,0
U_1367,656.3789148397851,82.04736435497314,0
U_1368,702.4376060355385,234.1458686785128,0
U_1369,338.9907625822125,48.42725179745893,1
U_1370,597.2476543184171,119.4495308636834,0
U_1371,743.4795713025405,148.69591426050812,0
U_1372,1000.1878992129883,125.02348740162354,0
U_1373,936.4586325506002,187.29172651012004,0
U_1374,1250.3749742947268,178.6249963278181,0
U_1375,452.58688601131314,56.57336075141414,1
U_1376,891.7583453953207,111.46979317441509,0
U_1377,597.3819135002999,199.12730450009997,0
U_1378,1189.902609714709,297.4756524286772,0
U_1379,331.987381976713,41.49842274708912,1
U_1380,317.46875539716183,63.493751079432364,1
U_1381,401.6085713392954,401.6085713392954,1
U_1382,50.0,7.142857142857143,0
U_1383,537.9180275010696,179.30600916702318,1
U_1384,301.4021561076364,150.7010780538182,1
U_1385,675.6478907877265,135.1295781575453,1
U_1386,605.1406397460659,605.1406397460659,0
U_1387,1144.2434594285685,127.13816215872983,0
U_1388,846.9638312748223,169.39276625496444,1
U_1389,403.3338308491628,67.22230514152713,1
U_1390,330.0910675501153,47.15586679287362,1
U_1391,767.6507517568152,85.29452797297947,0
U_1392,220.63230685266737,44.12646137053348,0
U_1393,1175.5803637805288,293.8950909451322,0
U_1394,1022.7415727271442,340.91385757571476,0
U_1395,536.5907354915189,107.31814709830378,1
U_1396,133.50970138489623,44.50323379496541,0
U_1397,921.9501608345047,184.39003216690094,0
U_1398,657.8965247262015,82.23706559077519,1
U_1399,1060.8245108614478,530.4122554307239,0
U_1400,164.0124612707606,41.00311531769015,0
U_1401,423.67530739425285,52.95941342428161,0
U_1402,551.6967815826334,110.33935631652669,0
U_1403,665.3644060291979,83.17055075364974,0
U_1404,540.5523942994847,90.09206571658079,0
U_1405,819.8924998822372,819.8924998822372,0
U_1406,305.5283977575758,61.105679551515166,0
U_1407,495.8870954077292,247.9435477038646,0
U_1408,607.6479940924075,86.80685629891536,1
U_1409,798.9588946241271,199.73972365603177,0
U_1410,716.8642111969116,358.4321055984558,1
U_1411,290.86022788641645,290.86022788641645,0
U_1412,193.0998089813629,38.619961796272584,1
U_1413,950.243943823709,118.78049297796362,0
U_1414,614.9277574340354,76.86596967925442,1
U_1415,439.27791480983365,219.63895740491682,0
U_1416,993.7129585537615,165.6188264256269,0
U_1417,608.8626114818123,86.98037306883033,0
U_1418,995.2399762327038,995.2399762327038,0
U_1419,683.6527419533194,136.73054839066387,1
U_1420,1290.7007611622994,215.1167935270499,0
U_1421,1132.6856910551846,161.8122415793121,0
U_1422,520.4850947474511,57.83167719416123,0
U_1423,961.1347406899126,320.37824689663756,0
U_1424,806.2282038850385,100.77852548562981,0
U_1425,1026.3196129427508,342.1065376475836,1
U_1426,297.3176354247288,33.035292824969865,0
U_1427,780.3782323837397,97.54727904796746,0
U_1428,913.6355175128421,101.5150575014269,1
U_1429,50.0,10.0,1
U_1430,213.7317361941152,23.74797068823502,1
U_1431,86.96321507354864,28.987738357849548,1
U_1432,486.42064848100233,69.48866406871461,1
U_1433,766.5394262453221,255.51314208177405,0
U_1434,1021.4919335973337,170.24865559955563,0
U_1435,640.3847022531538,80.04808778164423,0
U_1436,1170.7827609960204,585.3913804980102,0
U_1437,243.5424125750848,30.4428015718856,1
U_1438,157.43349600859386,157.43349600859386,0
U_1439,655.1374124677859,163.78435311694648,1
U_1440,799.3253139711657,114.18933056730938,1
U_1441,537.2058221535481,537.2058221535481,0
U_1442,50.0,8.333333333333334,1
U_1443,550.3035214614528,91.71725357690879,0
U_1444,185.0345487712441,26.433506967320586,1
U_1445,831.3584949894484,92.37316610993872,0
U_1446,690.3400858926032,98.62001227037187,0
U_1447,341.3021252852342,113.76737509507807,1
U_1448,422.2957975445535,105.57394938613838,0
U_1449,244.4615799781991,244.4615799781991,1
U_1450,551.8117065066846,110.36234130133691,0
U_1451,947.2941073531235,135.3277296218748,0
U_1452,324.49239334511503,108.16413111503834,1
U_1453,846.0135012586762,141.00225020977936,0
U_1454,507.45395976421423,169.15131992140473,1
U_1455,359.294271988105,89.82356799702625,1
U_1456,516.3661590324479,103.27323180648958,1
U_1457,324.2091255652168,54.03485426086947,0
U_1458,479.23441385823253,79.87240230970542,1
U_1459,233.4718281817373,233.4718281817373,1
U_1460,1135.4019663570548,141.92524579463185,1
U_1461,622.0267291641717,207.3422430547239,1
U_1462,340.84819807411367,85.21204951852842,1
U_1463,752.1936367463541,94.02420459329426,0
U_1464,592.0784346994949,118.41568693989898,1
U_1465,492.0953124738761,82.01588541231268,1
U_1466,727.3961476799325,727.3961476799325,0
U_1467,870.5969696912157,108.82462121140196,0
U_1468,482.40831176519237,96.48166235303847,1
U_1469,446.680974108311,446.680974108311,0
U_1470,540.3446958903511,77.1920994129073,1
U_1471,50.0,25.0,1
U_1472,117.46337070253776,19.57722845042296,1
U_1473,1097.5451622348521,365.84838741161735,0
U_1474,1089.3460069029686,181.55766781716144,0
U_1475,429.35476816220444,47.70608535135605,0
U_1476,742.639357394395,123.77322623239917,0
U_1477,619.4315620925807,619.4315620925807,0
U_1478,1496.341000746148,249.39016679102465,0
U_1479,957.5249704375195,319.17499014583984,0
U_1480,466.1576174601549,116.53940436503872,0
U_1481,387.377974065446,96.8444935163615,1
U_1482,140.12792761636334,15.569769735151482,1
U_1483,620.1134660119659,77.51418325149574,0
U_1484,335.33581119956534,47.905115885652194,1
U_1485,166.4575224239279,33.291504484785584,1
U_1486,355.6464959276007,88.91162398190018,0
U_1487,176.40398446787077,58.801328155956924,1
U_1488,1011.4539801576221,1011.4539801576221,0
U_1489,836.0400614792392,92.89334016435991,0
U_1490,522.4525429267364,65.30656786584206,0
U_1491,948.4559765964241,948.4559765964241,0
U_1492,695.0643463012535,347.53217315062676,1
U_1493,296.44220233009156,296.44220233009156,1
U_1494,1057.5617386142576,1057.5617386142576,1
U_1495,697.5548299437222,77.50609221596913,0
U_1496,198.17114815081555,39.63422963016311,0
U_1497,591.8716564726338,197.29055215754462,0
U_1498,262.30589491392954,131.15294745696477,0
U_1499,90.3034611914309,11.287932648928862,1
U_1500,895.2993299121742,111.91241623902178,1
U_1501,1075.518506625329,179.25308443755486,0
U_1502,167.68691681632197,83.84345840816098,1
U_1503,726.6579807027344,726.6579807027344,0
U_1504,368.6908262510025,61.44847104183375,0
U_1505,354.64219349339714,354.64219349339714,0
U_1506,515.1510388048983,85.85850646748305,0
U_1507,344.1953895927628,172.0976947963814,1
U_1508,629.058914991785,89.86555928454071,0
U_1509,383.93946205909424,191.96973102954712,1
U_1510,740.641405943905,370.3207029719525,0
U_1511,606.5103904270941,101.08506507118234,1
U_1512,580.7552070387388,145.1888017596847,1
U_1513,317.47796026009576,52.91299337668263,1
U_1514,401.22362891039785,50.15295361379973,1
U_1515,891.2441492441639,297.08138308138797,0
U_1516,823.3372611220068,164.66745222440136,0
U_1517,234.29476051782143,46.858952103564285,0
U_1518,638.3317290207799,70.92574766897555,1
U_1519,862.1446231087685,123.16351758696693,1
U_1520,50.0,5.555555555555555,1
U_1521,848.9274210625308,106.11592763281635,0
U_1522,405.2348268596722,135.07827561989072,0
U_1523,800.2710840412982,400.1355420206491,0
U_1524,306.67080265531564,102.22360088510521,0
U_1525,50.0,8.333333333333334,1
U_1526,50.0,12.5,1
U_1527,567.2252283691923,567.2252283691923,1
U_1528,676.3961035748043,75.1551226194227,0
U_1529,395.4309323601367,65.90515539335611,0
U_1530,798.3224206372848,798.3224206372848,0
U_1531,50.436700965531244,16.81223365517708,1
U_1532,489.1002753839506,489.1002753839506,0
U_1533,261.0891072526639,29.009900805851544,0
U_1534,388.4811471326819,97.12028678317047,1
U_1535,711.0903747583382,355.5451873791691,0
U_1536,397.8279674971529,99.45699187428822,1
U_1537,546.3059005857262,273.1529502928631,0
U_1538,804.3348473404116,134.0558078900686,0
U_1539,482.4915057238668,80.4152509539778,0
U_1540,789.6302957546411,112.80432796494873,0
U_1541,278.2471180603758,30.916346451152865,1
U_1542,748.4255678377286,83.1583964264143,1
U_1543,1046.791356312906,261.6978390782265,0
U_1544,50.0,5.555555555555555,0
U_1545,352.3097596410862,44.038719955135775,0
U_1546,680.5105753444947,680.5105753444947,1
U_1547,447.28625381902833,63.89803625986119,1
U_1548,742.8913881662066,106.12734116660094,0
U_1549,509.1441186796898,127.28602966992246,0
U_1550,681.4555199828267,97.35078856897523,1
U_1551,547.1279854965716,109.42559709931432,1
U_1552,861.5087665164168,172.30175330328336,0
U_1553,585.3302828817848,117.06605657635696,0
U_1554,632.8592508441723,105.47654180736204,0
U_1555,571.5990109500651,81.65700156429502,0
U_1556,433.4503460664846,86.69006921329692,1
U_1557,538.9140020286427,59.879333558738075,0
U_1558,759.3641305032085,84.37379227813427,0
U_1559,494.7903875971343,70.68434108530491,0
U_1560,776.4976793996723,258.83255979989076,1
U_1561,1168.7025537174359,292.17563842935897,0
U_1562,852.3153435233384,213.0788358808346,0
U_1563,575.1375334845667,82.16250478350953,0
U_1564,970.7164381776322,485.3582190888161,0
U_1565,426.8664160187568,85.37328320375136,0
U_1566,50.0,12.5,1
U_1567,348.150306933239,38.683367437026554,0
U_1568,50.0,50.0,0
U_1569,577.384370268184,192.46145675606135,0
U_1570,509.2091113799061,84.86818522998435,0
U_1571,1129.1290030587256,282.2822507646814,1
U_1572,719.0278044176503,239.67593480588343,0
U_1573,549.9520715682969,91.65867859471615,0
U_1574,843.6902845283979,281.2300948427993,0
U_1575,50.0,7.142857142857143,1
U_1576,702.5509414906667,702.5509414906667,0
U_1577,887.6320144659687,98.62577938510763,0
U_1578,79.52848746188552,39.76424373094276,1
U_1579,853.1059404535672,213.2764851133918,0
U_1580,607.25462403428,101.20910400571334,0
U_1581,404.8548229244782,67.47580382074636,1
U_1582,823.2361378827686,102.90451723534608,0
U_1583,1280.012208489553,160.0015260611941,0
U_1584,705.0103277499627,176.25258193749067,0
U_1585,612.8122432385223,102.13537387308706,1
U_1586,435.58433853201905,48.39825983689101,1
U_1587,422.74619887047146,60.392314124353064,1
U_1588,936.2436541689804,117.03045677112254,0
U_1589,427.5206832251742,53.440085403146774,1
U_1590,685.1308800059702,342.5654400029851,0
U_1591,494.3499416900434,70.62142024143478,0
U_1592,826.4295265294103,275.47650884313674,1
U_1593,742.9349499526123,106.13356427894462,1
U_1594,1002.0492330224686,501.0246165112343,0
U_1595,351.95274675095357,351.95274675095357,1
U_1596,603.3659365909041,67.04065962121156,0
U_1597,317.51899249318274,317.51899249318274,0
U_1598,389.07157234125816,389.07157234125816,1
U_1599,656.1724018609146,218.72413395363822,0
U_1600,897.5284417765884,897.5284417765884,0
U_1601,324.57379371601553,46.36768481657365,1
U_1602,957.4453207307454,136.77790296153506,1
U_1603,930.1975795424795,116.27469744280994,0
U_1604,706.531163747136,353.265581873568,0
U_1605,1129.413632383572,161.34480462622454,0
U_1606,371.09032748191237,41.23225860910137,1
U_1607,253.29115278051862,50.658230556103724,1
U_1608,98.70981920504727,32.90327306834909,1
U_1609,949.0724694291105,105.4524966032345,0
U_1610,714.1017836625309,714.1017836625309,1
U_1611,490.33736545805385,163.44578848601796,1
U_1612,756.9104171756015,378.45520858780077,0
U_1613,225.01173644241814,112.50586822120907,1
U_1614,1307.138282260321,435.7127607534403,0
U_1615,628.8406043819068,89.83437205455812,0
U_1616,702.6793178321831,117.11321963869717,0
U_1617,720.5632393620347,80.06258215133718,0
U_1618,668.026424396984,222.67547479899466,0
U_1619,704.1978317119194,140.83956634238388,0
U_1620,455.6361679079258,50.62624087865842,1
U_1621,769.9977914002002,256.6659304667334,1
U_1622,1116.8320426360149,139.60400532950186,0
U_1623,1007.5988996038168,111.95543328931298,1
U_1624,1172.9520831081059,167.56458330115797,0
U_1625,452.2506063842027,75.37510106403379,1
U_1626,277.8200798680662,46.3033466446777,1
U_1627,538.9490349378497,89.82483915630827,1
U_1628,710.1241754049545,142.0248350809909,0
U_1629,972.0407608876258,138.8629658410894,0
U_1630,129.69518220996366,18.52788317285195,1
U_1631,1005.2759601763335,143.6108514537619,0
U_1632,564.494557979018,188.16485265967268,0
U_1633,443.2847187202367,73.88078645337278,0
U_1634,244.4089925927397,27.156554732526633,1
U_1635,182.65345564309007,20.294828404787786,1
U_1636,823.582336941097,205.89558423527424,0
U_1637,578.5528226508006,64.28364696120008,1
U_1638,299.35580939935744,149.67790469967872,1
U_1639,150.94564767214024,18.86820595901753,1
U_1640,548.3655471562661,274.18277357813304,1
U_1641,1131.2558864796704,226.25117729593407,1
U_1642,606.2194802653756,101.03658004422927,1
U_1643,215.46654157802382,107.73327078901191,1
U_1644,567.336124362145,63.03734715134945,0
U_1645,481.09726121511795,80.18287686918633,1
U_1646,50.0,6.25,1
U_1647,672.6106923140923,168.15267307852307,0
U_1648,435.3601670536953,145.1200556845651,0
U_1649,867.7282742080333,216.93206855200833,0
U_1650,1105.0488985743796,1105.0488985743796,0
U_1651,874.9728975230856,874.9728975230856,0
U_1652,465.7783157180147,58.22228946475184,0
U_1653,179.9924256768683,179.9924256768683,1
U_1654,1470.4039058321919,294.0807811664384,0
U_1655,691.7393588493755,76.85992876104173,0
U_1656,608.3899813003294,202.79666043344312,1
U_1657,635.7831095784175,317.8915547892087,1
U_1658,670.744500815058,134.1489001630116,1
U_1659,619.0076653129837,309.50383265649185,1
U_1660,496.8544362473314,496.8544362473314,1
U_1661,382.5004032585226,42.500044806502515,1
U_1662,582.1235730652496,64.68039700724995,1
U_1663,463.9421154977847,463.9421154977847,1
U_1664,481.83443131850566,120.45860782962642,1
U_1665,668.466944126802,133.6933888253604,0
U_1666,603.0338369225749,301.51691846128745,0
U_1667,1120.4203067722242,124.4911451969138,0
U_1668,50.0,5.555555555555555,0
U_1669,1006.1831275891163,111.7981252876796,0
U_1670,949.3099033143355,118.66373791429194,0
U_1671,50.0,8.333333333333334,1
U_1672,553.3868504244292,553.3868504244292,0
U_1673,415.4764733282648,83.09529466565296,0
U_1674,138.91153507633743,17.36394188454218,1
U_1675,388.36948389740587,97.09237097435147,0
U_1676,250.84036613364108,31.355045766705135,0
U_1677,1213.8258750047326,202.30431250078877,0
U_1678,972.4047318680657,972.4047318680657,0
U_1679,981.9827902610054,981.9827902610054,1
U_1680,824.3139972861069,274.7713324287023,1
U_1681,306.2098869995855,306.2098869995855,1
U_1682,434.09690516290254,108.52422629072564,0
U_1683,684.8320619564709,228.2773539854903,0
U_1684,282.75549105700253,40.39364157957179,0
U_1685,861.456706922316,95.71741188025733,0
U_1686,476.8986012309154,68.12837160441649,1
U_1687,554.1370616913223,110.82741233826445,1
U_1688,836.0178297450797,836.0178297450797,0
U_1689,680.539315508885,136.107863101777,0
U_1690,522.1179790880169,522.1179790880169,0
U_1691,894.5208462673866,149.0868077112311,1
U_1692,228.72759253603436,28.590949067004296,1
U_1693,854.3825434439103,122.05464906341577,0
U_1694,863.8286912384789,863.8286912384789,1
U_1695,458.51259987744515,57.314074984680644,0
U_1696,783.4501140896725,87.05001267663027,0
U_1697,172.42569638487984,86.21284819243992,1
U_1698,800.6615788705874,800.6615788705874,0
U_1699,456.17413468135555,76.0290224468926,0
U_1700,391.60574201081477,97.90143550270369,1
U_1701,891.7520758865139,127.39315369807342,0
U_1702,474.20656885903315,158.06885628634438,1
U_1703,125.89321103213783,41.96440367737927,0
U_1704,106.10431693300757,13.263039616625946,0
U_1705,828.6341603524063,118.37630862177232,1
U_1706,176.28601184857138,35.25720236971428,1
U_1707,1163.3118849312254,387.7706283104085,1
U_1708,50.0,50.0,1
U_1709,1048.225901018846,349.4086336729486,0
U_1710,710.1170203546127,78.90189115051253,1
U_1711,476.39383311021913,476.39383311021913,1
U_1712,394.9912389719109,78.99824779438218,1
U_1713,690.977142139297,172.74428553482426,0
U_1714,580.3532402700727,96.72554004501211,0
U_1715,966.9644110001843,483.48220550009216,0
U_1716,626.1492934358192,156.5373233589548,0
U_1717,663.9553508958065,73.77281676620072,0
U_1718,510.0721520194067,102.01443040388133,1
U_1719,557.5706428628813,69.69633035786016,0
U_1720,779.1347838185574,389.5673919092787,0
U_1721,178.12024837830083,19.791138708700093,0
U_1722,211.91455018717926,30.273507169597035,1
U_1723,737.3174042659009,105.33105775227156,0
U_1724,649.4851442895697,324.74257214478484,0
U_1725,481.6888644529977,60.21110805662471,0
U_1726,602.1730842941987,66.9081204771332,0
U_1727,641.9711425082097,128.39422850164195,0
U_1728,478.8431450369684,159.61438167898947,0
U_1729,282.5944063925747,94.19813546419157,1
U_1730,749.4143918084893,124.90239863474822,0
U_1731,245.5633446021609,245.5633446021609,0
U_1732,754.6070939241906,83.8452326582434,0
U_1733,172.61738887454575,28.769564812424292,1
U_1734,858.3239539945056,95.36932822161174,1
U_1735,828.6386245313389,276.2128748437796,0
U_1736,654.5438534262172,218.18128447540573,0
U_1737,986.9134586341721,140.98763694773888,0
U_1738,1193.915104965678,170.55930070938257,0
U_1739,841.9270005192872,210.4817501298218,1
U_1740,113.95519798671731,14.244399748339664,1
U_1741,154.8111125459996,77.4055562729998,0
U_1742,357.8425507575127,357.8425507575127,0
U_1743,524.6526158679297,524.6526158679297,0
U_1744,686.6050954403725,343.3025477201862,1
U_1745,408.7206497033819,68.12010828389698,1
U_1746,645.8805753534808,80.7350719191851,0
U_1747,431.57396772777025,143.8579892425901,1
U_1748,382.9440220677399,63.824003677956654,0
U_1749,271.7265844057451,33.965823050718136,1
U_1750,233.00453433060363,25.889392703400404,0
U_1751,107.08180919558819,13.385226149448524,0
U_1752,347.5130038704274,49.64471483863248,0
U_1753,993.6003159769239,248.40007899423097,0
U_1754,374.280371677247,124.76012389241566,1
U_1755,1387.6780370246,198.23971957494285,0
U_1756,701.9236425252708,701.9236425252708,1
U_1757,558.1411429694051,79.73444899562931,0
U_1758,344.382956729591,57.39715945493183,0
U_1759,805.2202032845527,268.4067344281842,0
U_1760,396.15783202271587,132.05261067423862,1
U_1761,652.2175019881055,326.10875099405274,0
U_1762,1413.788300956893,1413.788300956893,0
U_1763,611.3596773282535,122.2719354656507,1
U_1764,897.4325662425459,128.2046523203637,0
U_1765,406.10781018515246,58.01540145502178,0
U_1766,519.2583485677112,86.54305809461853,1
U_1767,1055.5605594683238,175.9267599113873,0
U_1768,469.0810499154934,67.0115785593562,0
U_1769,1182.4837478181857,147.81046847727322,0
U_1770,865.9113607629683,173.18227215259367,0
U_1771,361.7524220725639,361.7524220725639,0
U_1772,872.6460395907483,124.66371994153546,1
U_1773,818.3886575324907,409.19432876624535,0
U_1774,860.5503823047046,172.11007646094092,0
U_1775,99.40844229404932,14.201206042007046,1
U_1776,302.9456658593673,43.2779522656239,0
U_1777,483.09820144765376,53.6775779386282,0
U_1778,513.9595741127627,102.79191482255253,0
U_1779,784.3355730035462,130.72259550059104,1
U_1780,743.2593698879298,123.8765616479883,1
U_1781,164.97092470347332,164.97092470347332,1
U_1782,736.4791524382117,105.2113074911731,0
U_1783,861.5198987331396,123.07427124759137,0
U_1784,793.9519203185583,198.48798007963958,0
U_1785,896.6740458403393,224.16851146008483,0
U_1786,948.344471799847,158.05741196664118,0
U_1787,675.2367440566377,225.0789146855459,1
U_1788,583.6014895415075,97.26691492358458,0
U_1789,161.05281969256203,40.263204923140506,1
U_1790,629.0152396552206,78.62690495690258,0
U_1791,702.7149565774207,140.54299131548413,0
U_1792,634.7734304997997,79.34667881247496,1
U_1793,150.9207717922826,16.768974643586958,1
U_1794,230.5219305511796,57.6304826377949,0
U_1795,1009.309141167828,1009.309141167828,0
U_1796,666.5205056909406,95.2172150987058,1
U_1797,747.2011005045277,106.74301435778968,1
U_1798,531.9008674628273,106.38017349256545,0
U_1799,581.757362751617,116.35147255032341,0
U_1800,899.9524378128141,899.9524378128141,1
U_1801,518.6155072510119,172.87183575033728,0
U_1802,722.0542580903107,722.0542580903107,0
U_1803,511.548087023107,73.07829814615813,0
U_1804,489.45257431063646,97.89051486212729,1
U_1805,435.71476818561155,108.92869204640289,0
U_1806,581.4458067647761,83.0636866806823,1
U_1807,475.580789206797,52.84230991186634,1
U_1808,984.5396588254416,164.0899431375736,0
U_1809,400.8354308809693,44.537270097885475,1
U_1810,508.4596769226131,84.74327948710219,0
U_1811,376.0188539877095,41.779872665301056,1
U_1812,1018.8350191243264,169.80583652072107,1
U_1813,752.8028937410202,83.64476597122446,0
U_1814,968.6683428278951,322.8894476092984,0
U_1815,61.08632281736301,12.217264563472602,1
U_1816,755.0508605404127,151.01017210808254,0
U_1817,861.2271366112947,107.65339207641183,0
U_1818,597.6388031462184,85.3769718780312,0
U_1819,888.9920206801637,444.49601034008185,0
U_1820,463.8423155776612,231.9211577888306,0
U_1821,1028.9241157438264,146.9891593919752,0
U_1822,1320.9948859194276,330.2487214798569,0
U_1823,505.87672487611167,84.31278747935194,1
U_1824,395.13815854811213,43.904239838679125,0
U_1825,987.462544886974,246.8656362217435,0
U_1826,1142.0775581395806,163.15393687708294,0
U_1827,475.7936947931455,52.86596608812728,0
U_1828,463.624079954191,463.624079954191,1
U_1829,451.9849037086209,225.99245185431045,0
U_1830,98.20305388517929,10.911450431686587,0
U_1831,286.78189669246416,57.35637933849283,1
U_1832,209.7271613597134,52.43179033992835,1
U_1833,366.1175570862525,52.30250815517893,1
U_1834,653.9548243356073,130.79096486712146,0
U_1835,627.3441520374157,627.3441520374157,0
U_1836,1134.700980155233,126.07788668391478,0
U_1837,341.4066669956806,42.675833374460076,0
U_1838,820.3491854139481,273.44972847131606,0
U_1839,564.715724986264,188.23857499542135,0
U_1840,515.4968485653787,171.83228285512624,1
U_1841,833.4040317049648,119.05771881499497,0
U_1842,191.72629047693164,95.86314523846582,0
U_1843,693.2251970583284,77.02502189536982,1
U_1844,663.2545165115556,165.8136291278889,1
U_1845,657.8102134872331,93.9728876410333,0
U_1846,617.4122621432509,77.17653276790637,0
U_1847,1300.6718069837177,260.13436139674354,0
U_1848,401.1420218789775,50.14275273487219,1
U_1849,512.3983722837415,128.09959307093538,1
U_1850,350.5124597433671,175.25622987168356,1
U_1851,402.8510543524288,134.28368478414293,0
U_1852,403.93910906408075,67.32318484401345,1
U_1853,915.8606705301394,152.64344508835657,0
U_1854,1051.3008301411307,150.1858328773044,0
U_1855,380.0965988303511,95.02414970758778,1
U_1856,404.76341229138006,50.59542653642251,0
U_1857,742.4554858861578,92.80693573576973,0
U_1858,351.59406340793066,50.22772334399009,1
U_1859,815.2793243730448,271.75977479101493,1
U_1860,674.7256070151413,224.9085356717138,1
U_1861,112.99623634216498,56.49811817108249,1
U_1862,966.4829760768228,138.06899658240326,0
U_1863,1078.9036103635308,179.8172683939218,0
U_1864,397.30529863115464,56.757899804450666,0
U_1865,423.67233877786424,211.83616938893212,0
U_1866,701.257841405407,175.31446035135176,1
U_1867,742.8020157813588,742.8020157813588,0
U_1868,868.7668131520163,434.38340657600816,0
U_1869,1232.4578853666546,176.06541219523638,0
U_1870,584.7176760027477,116.94353520054953,0
U_1871,382.1991996845687,127.39973322818958,0
U_1872,283.30144311818253,141.65072155909127,1
U_1873,332.9211018334059,110.9737006111353,0
U_1874,543.3136442404126,135.82841106010315,0
U_1875,1063.6340873397082,212.72681746794166,0
U_1876,441.853475463055,55.23168443288188,1
U_1877,586.3687262178539,65.15208069087265,0
U_1878,549.1024505577951,274.55122527889756,1
U_1879,953.0541677887035,317.6847225962345,0
U_1880,1449.5988509480899,362.39971273702247,0
U_1881,533.5019668919373,76.21456669884819,0
U_1882,501.91621407184454,83.65270234530742,0
U_1883,891.0982954358586,148.5163825726431,0
U_1884,877.5997015632026,125.37138593760038,0
U_1885,1229.103358102338,1229.103358102338,0
U_1886,857.2179317570996,107.15224146963745,0
U_1887,520.2173824069248,57.8019313785472,0
U_1888,717.5550083292688,358.7775041646344,0
U_1889,850.8272287290087,850.8272287290087,0
U_1890,929.0997551672352,232.2749387918088,0
U_1891,663.29143095651,331.645715478255,0
U_1892,879.1804187643451,146.5300697940575,0
U_1893,948.1810305412492,316.06034351374973,1
U_1894,919.0430358859533,102.11589287621703,0
U_1895,875.9954180125417,109.49942725156771,0
U_1896,507.2887748793907,72.4698249827701,0
U_1897,549.7150657141119,78.53072367344456,0
U_1898,1060.6706893978107,151.52438419968726,0
U_1899,317.19793486733226,63.439586973466454,0
U_1900,785.9549741589449,98.24437176986811,0
U_1901,472.693247085968,118.173311771492,1
U_1902,641.2486270914451,128.24972541828902,1
U_1903,931.7535886896605,310.5845295632202,0
U_1904,657.9047858013754,219.30159526712512,0
U_1905,565.46120293185,282.730601465925,0
U_1906,282.25993395904493,56.451986791808984,1
U_1907,736.0651522914155,368.03257614570776,0
U_1908,748.5800398432922,187.14500996082305,0
U_1909,1327.5981923016136,1327.5981923016136,0
U_1910,503.6737210155565,251.83686050777825,1
U_1911,685.7619206800157,685.7619206800157,0
U_1912,705.1537794123551,352.57688970617755,0
U_1913,987.4214862837549,246.85537157093873,0
U_1914,474.95908846563134,474.95908846563134,1
U_1915,771.274668073363,128.54577801222717,1
U_1916,736.6695219743378,736.6695219743378,0
U_1917,632.0453590340131,210.68178634467105,1
U_1918,502.4885497795515,251.24427488977574,0
U_1919,605.4877732840365,302.74388664201825,1
U_1920,968.7037989914353,242.17594974785882,0
U_1921,283.6938466093359,31.52153851214843,1
U_1922,711.212863301541,237.070954433847,0
U_1923,345.6718826713445,57.611980445224084,0
U_1924,899.2784847701124,299.7594949233708,0
U_1925,209.381599339842,41.876319867968405,1
U_1926,397.5886588170903,44.17651764634336,0
U_1927,695.5372917194572,231.84576390648576,1
U_1928,1128.3987753079007,141.04984691348758,0
U_1929,607.3902291530187,101.23170485883645,1
U_1930,421.7853200784943,52.72316500981179,1
U_1931,1114.3252226130887,557.1626113065444,0
U_1932,218.43602364547965,24.270669293942184,1
U_1933,50.0,50.0,1
U_1934,817.6602551332853,272.5534183777618,0
U_1935,379.44694651881605,94.86173662970401,0
U_1936,354.61689325024525,59.10281554170754,0
U_1937,797.3567075354327,199.3391768838582,1
U_1938,610.3414607180621,305.17073035903104,0
U_1939,411.2521984263357,137.0840661421119,0
U_1940,160.2190436387184,53.4063478795728,0
U_1941,788.9359286512129,131.4893214418688,0
U_1942,742.89143317371,148.578286634742,0
U_1943,643.7269353738357,128.74538707476714,1
U_1944,1075.1795763102646,268.79489407756614,1
U_1945,373.48248765573237,93.37062191393309,1
U_1946,50.0,5.555555555555555,0
U_1947,424.07520991387526,60.58217284483932,1
U_1948,657.6265920609678,82.20332400762098,1
U_1949,759.7933644221604,189.9483411055401,0
U_1950,456.426301334452,152.14210044481732,1
U_1951,745.258318244757,745.258318244757,0
U_1952,146.00801597399624,16.223112885999583,0
U_1953,1003.6516799968646,111.51685333298495,1
U_1954,621.7399179836282,310.8699589918141,1
U_1955,904.3833947090517,226.09584867726292,0
U_1956,665.4925495695248,166.3731373923812,0
U_1957,660.2368895066168,660.2368895066168,0
U_1958,684.2178029352788,342.1089014676394,0
U_1959,657.368166261546,82.17102078269325,0
U_1960,867.911782949308,144.65196382488466,0
U_1961,900.9854641159144,900.9854641159144,0
U_1962,697.5295248174989,99.64707497392841,0
U_1963,866.4259732542133,123.77513903631619,1
U_1964,586.6569525393178,97.77615875655296,0
U_1965,1078.1902368714716,134.77377960893395,0
U_1966,427.53624318723917,85.50724863744783,1
U_1967,1131.393827692183,565.6969138460915,0
U_1968,564.4947003819505,141.1236750954876,0
U_1969,259.03386704562024,32.37923338070253,1
U_1970,732.8189229873304,91.6023653734163,0
U_1971,425.9387834825417,85.18775669650833,1
U_1972,791.6528326763116,131.94213877938526,0
U_1973,393.7926386968402,43.75473763298224,0
U_1974,465.4524680520875,232.72623402604376,0
U_1975,84.731791208473,16.9463582416946,1
U_1976,497.86353048974087,55.31817005441565,0
U_1977,50.0,16.666666666666668,1
U_1978,160.90206451171443,26.817010751952406,1
U_1979,732.935766190044,183.233941547511,0
U_1980,891.0671119721223,222.7667779930306,0
U_1981,669.9637153368783,223.3212384456261,0
U_1982,341.18898497346595,341.18898497346595,1
U_1983,508.4812435848079,63.560155448100986,0
U_1984,521.8114054577698,104.36228109155395,1
U_1985,159.6221220095776,79.8110610047888,0
U_1986,1133.0660525608475,1133.0660525608475,0
U_1987,884.1204387110638,884.1204387110638,0
U_1988,506.10313509693043,126.52578377423261,1
U_1989,665.6212999022209,166.40532497555523,1
U_1990,687.7312825091989,114.62188041819981,0
U_1991,50.0,7.142857142857143,1
U_1992,523.2553441164223,523.2553441164223,0
U_1993,296.99008133430215,148.49504066715107,0
U_1994,251.2064983165133,83.73549943883776,1
U_1995,437.4852510542301,48.6094723393589,0
U_1996,1171.787928525412,292.946982131353,0
U_1997,741.9770227375025,123.66283712291708,1
U_1998,418.67963587540237,209.33981793770118,1
U_1999,742.4608940648242,371.2304470324121,1
